{
  "urls": [
    "guns.ogg"
  ],
  "sprite": {
    "mp44": [
      0,
      375.87301587301585
    ],
    "thompson": [
      2000,
      291.7006802721089
    ]
  }
}